"","Package","LibPath","Version","Priority","Depends","Imports","LinkingTo","Suggests","Enhances","License","License_is_FOSS","License_restricts_use","OS_type","MD5sum","NeedsCompilation","Built"
"abind","abind","C:/Users/zamej/OneDrive/Documents/R/win-library/3.5","1.4-5",NA,"R (>= 1.5.0)","methods, utils",NA,NA,NA,"LGPL (>= 2)",NA,NA,NA,NA,"no","3.5.0"
"askpass","askpass","C:/Users/zamej/OneDrive/Documents/R/win-library/3.5","1.1",NA,NA,"sys (>= 2.1)",NA,"testthat",NA,"MIT + file LICENSE",NA,NA,NA,NA,"yes","3.5.3"
"assertthat","assertthat","C:/Users/zamej/OneDrive/Documents/R/win-library/3.5","0.2.0",NA,NA,"tools",NA,"testthat",NA,"GPL-3",NA,NA,NA,NA,"no","3.5.1"
"base64enc","base64enc","C:/Users/zamej/OneDrive/Documents/R/win-library/3.5","0.1-3",NA,"R (>= 2.9.0)",NA,NA,NA,"png","GPL-2 | GPL-3",NA,NA,NA,NA,"yes","3.5.0"
"BH","BH","C:/Users/zamej/OneDrive/Documents/R/win-library/3.5","1.66.0-1",NA,NA,NA,NA,NA,NA,"BSL-1.0",NA,NA,NA,NA,"no","3.5.0"
"bindr","bindr","C:/Users/zamej/OneDrive/Documents/R/win-library/3.5","0.1.1",NA,NA,NA,NA,"testthat",NA,"MIT + file LICENSE",NA,NA,NA,NA,"no","3.5.0"
"bindrcpp","bindrcpp","C:/Users/zamej/OneDrive/Documents/R/win-library/3.5","0.2.2",NA,NA,"bindr (>= 0.1.1), Rcpp (>= 0.12.16)","plogr, Rcpp","testthat",NA,"MIT + file LICENSE",NA,NA,NA,NA,"yes","3.5.0"
"brew","brew","C:/Users/zamej/OneDrive/Documents/R/win-library/3.5","1.0-7",NA,NA,NA,NA,"testthat",NA,"GPL-2",NA,NA,NA,NA,"no","3.5.1"
"brio","brio","C:/Users/zamej/OneDrive/Documents/R/win-library/3.5","1.0.0",NA,NA,NA,NA,"testthat (>= 2.1.0), covr",NA,"MIT + file LICENSE",NA,NA,NA,NA,"yes","3.5.3"
"broom","broom","C:/Users/zamej/OneDrive/Documents/R/win-library/3.5","0.4.4",NA,NA,"plyr, dplyr, tidyr, psych, stringr, reshape2, nlme, methods",NA,"knitr, boot, survival, gam, glmnet, lfe, Lahman, MASS, rgeos,
sp, maps, maptools, multcomp, testthat, lme4, zoo, lmtest, plm,
biglm, ggplot2, nnet, geepack, AUC, ergm, network,
statnet.common, xergm, btergm, binGroup, Hmisc, bbmle, gamlss,
rstan, rstanarm, brms, coda, gmm, Matrix, ks, purrr, orcutt,
mgcv, lmodel2, poLCA, mclust, covr, lsmeans, emmeans, betareg,
robust, akima, AER, muhaz, speedglm, tibble",NA,"MIT + file LICENSE",NA,NA,NA,NA,"no","3.5.0"
"callr","callr","C:/Users/zamej/OneDrive/Documents/R/win-library/3.5","3.1.1",NA,NA,"processx (>= 3.2.1), R6, utils",NA,"cliapp, covr, crayon, pingr, ps, testthat, withr",NA,"MIT + file LICENSE",NA,NA,NA,NA,"no","3.5.1"
"car","car","C:/Users/zamej/OneDrive/Documents/R/win-library/3.5","3.0-2",NA,"R (>= 3.2.0), carData (>= 3.0-0)","abind, MASS, mgcv, nnet, pbkrtest (>= 0.4-4), quantreg,
grDevices, utils, stats, graphics, maptools, rio, lme4, nlme",NA,"alr4, boot, coxme, leaps, lmtest, Matrix, MatrixModels, rgl
(>= 0.93.960), sandwich, SparseM, survival, survey",NA,"GPL (>= 2)",NA,NA,NA,NA,"no","3.5.1"
"carData","carData","C:/Users/zamej/OneDrive/Documents/R/win-library/3.5","3.0-1",NA,"R (>= 3.0)",NA,NA,NA,NA,"GPL (>= 2)",NA,NA,NA,NA,"no","3.5.0"
"cellranger","cellranger","C:/Users/zamej/OneDrive/Documents/R/win-library/3.5","1.1.0",NA,"R (>= 3.0.0)","rematch, tibble",NA,"covr, testthat (>= 1.0.0), knitr, rmarkdown",NA,"MIT + file LICENSE",NA,NA,NA,NA,"no","3.5.0"
"cli","cli","C:/Users/zamej/OneDrive/Documents/R/win-library/3.5","3.3.0",NA,"R (>= 3.4)","glue (>= 1.6.0), utils",NA,"asciicast, callr, covr, digest, grDevices, htmltools,
htmlwidgets, knitr, methods, mockery, processx, ps (>=
1.3.4.9000), rlang, rmarkdown, rstudioapi, shiny, testthat,
tibble, whoami, withr",NA,"MIT + file LICENSE",NA,NA,NA,NA,"yes","3.5.1"
"clipr","clipr","C:/Users/zamej/OneDrive/Documents/R/win-library/3.5","0.8.0",NA,NA,"utils",NA,"covr, knitr, rmarkdown, rstudioapi (>= 0.5), testthat (>=
2.0.0)",NA,"GPL-3",NA,NA,NA,NA,"no","3.5.1"
"clisymbols","clisymbols","C:/Users/zamej/OneDrive/Documents/R/win-library/3.5","1.1.0",NA,NA,NA,NA,"testthat",NA,"MIT + file LICENSE",NA,NA,NA,NA,"no","3.5.1"
"colorspace","colorspace","C:/Users/zamej/OneDrive/Documents/R/win-library/3.5","1.3-2",NA,"R (>= 2.13.0), methods","graphics, grDevices",NA,"datasets, stats, utils, KernSmooth, MASS, kernlab, mvtnorm,
vcd, dichromat, tcltk, shiny, shinyjs",NA,"BSD_3_clause + file LICENSE",NA,NA,NA,NA,"yes","3.5.0"
"commonmark","commonmark","C:/Users/zamej/OneDrive/Documents/R/win-library/3.5","1.7",NA,NA,NA,NA,"curl, testthat, xml2",NA,"BSD_2_clause + file LICENSE",NA,NA,NA,NA,"yes","3.5.3"
"cpp11","cpp11","C:/Users/zamej/OneDrive/Documents/R/win-library/3.5","0.4.2",NA,NA,NA,NA,"bench, brio, callr, cli, covr, decor, desc, ggplot2, glue,
knitr, lobstr, mockery, progress, rmarkdown, scales, Rcpp,
testthat, tibble, utils, vctrs, withr",NA,"MIT + file LICENSE",NA,NA,NA,NA,"no","3.5.1"
"crayon","crayon","C:/Users/zamej/OneDrive/Documents/R/win-library/3.5","1.5.1",NA,NA,"grDevices, methods, utils",NA,"mockery, rstudioapi, testthat, withr",NA,"MIT + file LICENSE",NA,NA,NA,NA,"no","3.5.1"
"credentials","credentials","C:/Users/zamej/OneDrive/Documents/R/win-library/3.5","1.3.2",NA,NA,"openssl (>= 1.3), sys (>= 2.1), curl, jsonlite, askpass",NA,"testthat, knitr, rmarkdown",NA,"MIT + file LICENSE",NA,NA,NA,NA,"no","3.5.1"
"curl","curl","C:/Users/zamej/OneDrive/Documents/R/win-library/3.5","4.3",NA,"R (>= 3.0.0)",NA,NA,"spelling, testthat (>= 1.0.0), knitr, jsonlite, rmarkdown,
magrittr, httpuv (>= 1.4.4), webutils",NA,"MIT + file LICENSE",NA,NA,NA,NA,"yes","3.5.3"
"data.table","data.table","C:/Users/zamej/OneDrive/Documents/R/win-library/3.5","1.11.8",NA,"R (>= 3.1.0)","methods",NA,"bit64, curl, R.utils, knitr, xts, nanotime, zoo",NA,"MPL-2.0 | file LICENSE",NA,NA,NA,NA,"yes","3.5.1"
"DBI","DBI","C:/Users/zamej/OneDrive/Documents/R/win-library/3.5","1.0.0",NA,"R (>= 3.0.0), methods",NA,NA,"blob, covr, hms, knitr, magrittr, rprojroot, rmarkdown,
RSQLite (>= 1.1-2), testthat, xml2",NA,"LGPL (>= 2)",NA,NA,NA,NA,"no","3.5.0"
"dbplyr","dbplyr","C:/Users/zamej/OneDrive/Documents/R/win-library/3.5","1.2.1",NA,"R (>= 3.2)","assertthat (>= 0.2.0), DBI (>= 0.7), dplyr (>= 0.7.4), glue
(>= 1.2.0), methods, purrr (>= 0.2.4), R6 (>= 2.2.2), rlang (>=
0.1.6), tibble (>= 1.4.1), tidyselect (>= 0.2.2), utils",NA,"bit64, covr, knitr, Lahman (>= 5.0.0), nycflights13 (>=
0.2.2), rmarkdown, RMariaDB (>= 1.0.2), RMySQL (>= 0.10.11),
RPostgreSQL (>= 0.4.1), RSQLite (>= 2.0), testthat (>= 2.0.0)",NA,"MIT + file LICENSE",NA,NA,NA,NA,"no","3.5.0"
"desc","desc","C:/Users/zamej/OneDrive/Documents/R/win-library/3.5","1.2.0",NA,"R (>= 3.1.0)","assertthat, utils, R6, crayon, rprojroot",NA,"covr, testthat, whoami, withr",NA,"MIT + file LICENSE",NA,NA,NA,NA,"no","3.5.1"
"devtools","devtools","C:/Users/zamej/OneDrive/Documents/R/win-library/3.5","2.0.2",NA,"R (>= 3.0.2)","callr, cli, digest, git2r (>= 0.23.0), httr (>= 0.4),
jsonlite, memoise (>= 1.0.0), pkgbuild (>= 1.0.2), pkgload (>=
1.0.1), rcmdcheck (>= 1.3.2), remotes (>= 2.0.2), rstudioapi
(>= 0.6.0.9000), sessioninfo, stats, tools, usethis (>= 1.4.0),
utils, withr",NA,"BiocManager, bitops, covr (>= 3.2.0), crayon, curl (>= 0.9),
evaluate, foghorn (>= 1.1.0), gmailr (> 0.7.0), knitr, lintr
(>= 0.2.1), mockery, pingr, MASS, pkgdown, Rcpp (>= 0.10.0),
rhub (>= 1.0.2), rmarkdown, roxygen2 (>= 6.1.0), rversions,
spelling (>= 1.1), testthat (>= 1.0.2), whisker",NA,"GPL (>= 2)",NA,NA,NA,NA,"no","3.5.1"
"dichromat","dichromat","C:/Users/zamej/OneDrive/Documents/R/win-library/3.5","2.0-0",NA,"R (>= 2.10), stats",NA,NA,NA,NA,"GPL-2",NA,NA,NA,NA,NA,"3.5.0"
"diffobj","diffobj","C:/Users/zamej/OneDrive/Documents/R/win-library/3.5","0.2.4",NA,"R (>= 3.1.0)","crayon (>= 1.3.2), tools, methods, utils, stats",NA,"knitr, rmarkdown, testthat",NA,"GPL (>= 2)",NA,NA,NA,NA,"yes","3.5.3"
"digest","digest","C:/Users/zamej/OneDrive/Documents/R/win-library/3.5","0.6.25",NA,"R (>= 3.1.0)","utils",NA,"tinytest, knitr, rmarkdown",NA,"GPL (>= 2)",NA,NA,NA,NA,"yes","3.5.3"
"dplyr","dplyr","C:/Users/zamej/OneDrive/Documents/R/win-library/3.5","0.8.5",NA,"R (>= 3.2.0)","ellipsis, assertthat (>= 0.2.0), glue (>= 1.3.0), magrittr (>=
1.5), methods, pkgconfig, R6, Rcpp (>= 1.0.1), rlang (>=
0.4.0), tibble (>= 2.0.0), tidyselect (>= 0.2.5), utils","BH, plogr (>= 0.2.0), Rcpp (>= 1.0.1)","bit64, callr, covr, crayon (>= 1.3.4), DBI, dbplyr, dtplyr,
ggplot2, hms, knitr, Lahman, lubridate, MASS, mgcv,
microbenchmark, nycflights13, rmarkdown, RMySQL, RPostgreSQL,
RSQLite, testthat, withr, broom, purrr, readr",NA,"MIT + file LICENSE",NA,NA,NA,NA,"yes","3.5.3"
"ellipsis","ellipsis","C:/Users/zamej/OneDrive/Documents/R/win-library/3.5","0.3.2",NA,"R (>= 3.2)","rlang (>= 0.3.0)",NA,"covr, testthat",NA,"MIT + file LICENSE",NA,NA,NA,NA,"yes","3.5.1"
"evaluate","evaluate","C:/Users/zamej/OneDrive/Documents/R/win-library/3.5","0.15",NA,"R (>= 3.0.2)","methods",NA,"covr, ggplot2, lattice, testthat",NA,"MIT + file LICENSE",NA,NA,NA,NA,"no","3.5.1"
"fansi","fansi","C:/Users/zamej/OneDrive/Documents/R/win-library/3.5","0.4.1",NA,"R (>= 3.1.0)",NA,NA,"unitizer, knitr, rmarkdown",NA,"GPL (>= 2)",NA,NA,NA,NA,"yes","3.5.3"
"fastmap","fastmap","C:/Users/zamej/OneDrive/Documents/R/win-library/3.5","1.0.1",NA,NA,NA,NA,"testthat (>= 2.1.1)",NA,"MIT + file LICENSE",NA,NA,NA,NA,"yes","3.5.3"
"forcats","forcats","C:/Users/zamej/OneDrive/Documents/R/win-library/3.5","0.3.0",NA,"R (>= 3.1)","magrittr, rlang, tibble",NA,"covr, ggplot2, testthat",NA,"GPL-3",NA,NA,NA,NA,"no","3.5.0"
"fs","fs","C:/Users/zamej/OneDrive/Documents/R/win-library/3.5","1.4.1",NA,"R (>= 3.1)","methods",NA,"testthat, covr, pillar (>= 1.0.0), tibble (>= 1.1.0), crayon,
rmarkdown, knitr, withr, spelling",NA,"GPL-3",NA,NA,NA,NA,"yes","3.5.3"
"generics","generics","C:/Users/zamej/OneDrive/Documents/R/win-library/3.5","0.1.2",NA,"R (>= 3.2)","methods",NA,"covr, pkgload, testthat (>= 3.0.0), tibble, withr",NA,"MIT + file LICENSE",NA,NA,NA,NA,"no","3.5.1"
"gert","gert","C:/Users/zamej/OneDrive/Documents/R/win-library/3.5","0.3",NA,NA,"openssl (>= 1.4.1), credentials (>= 1.0), askpass",NA,"testthat",NA,"MIT + file LICENSE",NA,NA,NA,NA,"yes","3.5.3"
"ggplot2","ggplot2","C:/Users/zamej/OneDrive/Documents/R/win-library/3.5","3.1.0",NA,"R (>= 3.1)","digest, grid, gtable (>= 0.1.1), lazyeval, MASS, mgcv, plyr
(>= 1.7.1), reshape2, rlang (>= 0.2.1), scales (>= 0.5.0),
stats, tibble, viridisLite, withr (>= 2.0.0)",NA,"covr, dplyr, ggplot2movies, hexbin, Hmisc, lattice, mapproj,
maps, maptools, multcomp, munsell, nlme, testthat (>= 0.11.0),
vdiffr, quantreg, knitr, rgeos, rpart, rmarkdown, sf (>=
0.3-4), svglite (>= 1.2.0.9001)","sp","GPL-2 | file LICENSE",NA,NA,NA,NA,"no","3.5.1"
"gh","gh","C:/Users/zamej/OneDrive/Documents/R/win-library/3.5","1.0.1",NA,NA,"ini, jsonlite, httr",NA,"covr, pingr, testthat",NA,"MIT + file LICENSE",NA,NA,NA,NA,"no","3.5.1"
"git2r","git2r","C:/Users/zamej/OneDrive/Documents/R/win-library/3.5","0.26.1",NA,"R (>= 3.1)","graphics, utils",NA,"getPass",NA,"GPL-2",NA,NA,NA,NA,"yes","3.5.3"
"gitcreds","gitcreds","C:/Users/zamej/OneDrive/Documents/R/win-library/3.5","0.1.1",NA,NA,NA,NA,"codetools, testthat, knitr, mockery, oskeyring, rmarkdown,
withr",NA,"MIT + file LICENSE",NA,NA,NA,NA,"no","3.5.1"
"glue","glue","C:/Users/zamej/OneDrive/Documents/R/win-library/3.5","1.6.2",NA,"R (>= 3.4)","methods",NA,"covr, crayon, DBI, dplyr, forcats, ggplot2, knitr, magrittr,
microbenchmark, R.utils, rmarkdown, rprintf, RSQLite, stringr,
testthat (>= 3.0.0), vctrs (>= 0.3.0), waldo (>= 0.3.0), withr",NA,"MIT + file LICENSE",NA,NA,NA,NA,"yes","3.5.1"
"gtable","gtable","C:/Users/zamej/OneDrive/Documents/R/win-library/3.5","0.2.0",NA,"R (>= 2.14)","grid",NA,"testthat, covr",NA,"GPL-2",NA,NA,NA,NA,"no","3.5.0"
"haven","haven","C:/Users/zamej/OneDrive/Documents/R/win-library/3.5","1.1.1",NA,"R (>= 3.1)","forcats (>= 0.2.0), hms, Rcpp (>= 0.11.4), readr (>= 0.1.0),
tibble","Rcpp","covr, knitr, rmarkdown, testthat",NA,"MIT + file LICENSE",NA,NA,NA,NA,"yes","3.5.0"
"highr","highr","C:/Users/zamej/OneDrive/Documents/R/win-library/3.5","0.9",NA,"R (>= 3.2.3)","xfun (>= 0.18)",NA,"knitr, markdown, testit",NA,"GPL",NA,NA,NA,NA,"no","3.5.1"
"hms","hms","C:/Users/zamej/OneDrive/Documents/R/win-library/3.5","0.4.2",NA,NA,"methods, pkgconfig, rlang",NA,"crayon, lubridate, pillar (>= 1.1.0), testthat",NA,"GPL-3",NA,NA,NA,NA,"no","3.5.0"
"htmltools","htmltools","C:/Users/zamej/OneDrive/Documents/R/win-library/3.5","0.3.6",NA,"R (>= 2.14.1)","utils, digest, Rcpp","Rcpp","markdown, testthat","knitr","GPL (>= 2)",NA,NA,NA,NA,"yes","3.5.0"
"htmlwidgets","htmlwidgets","C:/Users/zamej/OneDrive/Documents/R/win-library/3.5","1.2",NA,NA,"grDevices, htmltools (>= 0.3), jsonlite (>= 0.9.16), yaml",NA,"knitr (>= 1.8)","shiny (>= 1.0.5)","MIT + file LICENSE",NA,NA,NA,NA,"no","3.5.0"
"httpuv","httpuv","C:/Users/zamej/OneDrive/Documents/R/win-library/3.5","1.5.2",NA,"R (>= 2.15.1)","Rcpp (>= 0.11.0), utils, R6, promises, later (>= 0.8.0)","Rcpp, BH, later","testthat, callr, curl, websocket",NA,"GPL (>= 2) | file LICENSE",NA,NA,NA,NA,"yes","3.5.3"
"httr","httr","C:/Users/zamej/OneDrive/Documents/R/win-library/3.5","1.4.3",NA,"R (>= 3.2)","curl (>= 3.0.0), jsonlite, mime, openssl (>= 0.8), R6",NA,"covr, httpuv, jpeg, knitr, png, readr, rmarkdown, testthat
(>= 0.8.0), xml2",NA,"MIT + file LICENSE",NA,NA,NA,NA,"no","3.5.1"
"ini","ini","C:/Users/zamej/OneDrive/Documents/R/win-library/3.5","0.3.1",NA,NA,NA,NA,"testthat",NA,"GPL-3",NA,NA,NA,NA,"no","3.5.3"
"jsonlite","jsonlite","C:/Users/zamej/OneDrive/Documents/R/win-library/3.5","1.6.1",NA,"methods",NA,NA,"httr, curl, plyr, testthat, knitr, rmarkdown, R.rsp, sp",NA,"MIT + file LICENSE",NA,NA,NA,NA,"yes","3.5.3"
"knitr","knitr","C:/Users/zamej/OneDrive/Documents/R/win-library/3.5","1.20",NA,"R (>= 3.1.0)","evaluate (>= 0.10), highr, markdown, stringr (>= 0.6), yaml,
methods, tools",NA,"formatR, testit, digest, rgl (>= 0.95.1201), codetools,
rmarkdown, htmlwidgets (>= 0.7), webshot, tikzDevice (>= 0.10),
tinytex, xfun, reticulate (>= 1.4), JuliaCall (>= 0.11.1), png,
jpeg, xml2, httr, DBI (>= 0.4-1), showtext, tibble",NA,"GPL",NA,NA,NA,NA,"no","3.5.0"
"labeling","labeling","C:/Users/zamej/OneDrive/Documents/R/win-library/3.5","0.3",NA,NA,NA,NA,NA,NA,"MIT + file LICENSE | Unlimited",NA,NA,NA,NA,"no","3.5.0"
"later","later","C:/Users/zamej/OneDrive/Documents/R/win-library/3.5","1.0.0",NA,NA,"Rcpp (>= 0.12.9), rlang","Rcpp, BH","knitr, rmarkdown, testthat",NA,"GPL (>= 2)",NA,NA,NA,NA,"yes","3.5.3"
"lazyeval","lazyeval","C:/Users/zamej/OneDrive/Documents/R/win-library/3.5","0.2.1",NA,"R (>= 3.1.0)",NA,NA,"knitr, rmarkdown (>= 0.2.65), testthat, covr",NA,"GPL-3",NA,NA,NA,NA,"yes","3.5.0"
"lifecycle","lifecycle","C:/Users/zamej/OneDrive/Documents/R/win-library/3.5","1.0.1",NA,"R (>= 3.3)","glue, rlang (>= 0.4.10)",NA,"covr, crayon, lintr, tidyverse, knitr, rmarkdown, testthat
(>= 3.0.1), tools, tibble, vctrs",NA,"MIT + file LICENSE",NA,NA,NA,NA,"no","3.5.1"
"lm.beta","lm.beta","C:/Users/zamej/OneDrive/Documents/R/win-library/3.5","1.5-1",NA,NA,NA,NA,NA,NA,"GPL (>= 2)",NA,NA,NA,NA,"no","3.5.0"
"lme4","lme4","C:/Users/zamej/OneDrive/Documents/R/win-library/3.5","1.1-17",NA,"R (>= 3.2.0), Matrix (>= 1.2-1), methods, stats","graphics, grid, splines, utils, parallel, MASS, lattice, nlme
(>= 3.1-123), minqa (>= 1.1.15), nloptr (>= 1.0.4)","Rcpp (>= 0.10.5), RcppEigen","knitr, boot, PKPDmodels, MEMSS, testthat (>= 0.8.1), ggplot2,
mlmRev, optimx (>= 2013.8.6), gamm4, pbkrtest, HSAUR2, numDeriv",NA,"GPL (>= 2)",NA,NA,NA,NA,"yes","3.5.0"
"lmtest","lmtest","C:/Users/zamej/OneDrive/Documents/R/win-library/3.5","0.9-36",NA,"R (>= 2.10.0), stats, zoo","graphics",NA,"car, strucchange, sandwich, dynlm, stats4, survival, AER",NA,"GPL-2 | GPL-3",NA,NA,NA,NA,"yes","3.5.1"
"lubridate","lubridate","C:/Users/zamej/OneDrive/Documents/R/win-library/3.5","1.7.4",NA,"methods, R (>= 3.0.0)","stringr, Rcpp (>= 0.12.13),","Rcpp,","testthat, knitr, covr","chron, fts, timeSeries, timeDate, tis, tseries, xts, zoo","GPL (>= 2)",NA,NA,NA,NA,"yes","3.5.0"
"magrittr","magrittr","C:/Users/zamej/OneDrive/Documents/R/win-library/3.5","1.5",NA,NA,NA,NA,"testthat, knitr",NA,"MIT + file LICENSE",NA,NA,NA,NA,"no","3.5.3"
"maptools","maptools","C:/Users/zamej/OneDrive/Documents/R/win-library/3.5","0.9-2",NA,"R (>= 2.10), sp (>= 1.0-11)","foreign (>= 0.8), methods, grid, lattice, stats, utils,
grDevices",NA,"rgeos (>= 0.1-8), spatstat (>= 1.18), PBSmapping, maps,
RColorBrewer, raster, polyclip, spatstat.utils","gpclib, RArcInfo","GPL (>= 2)",NA,NA,NA,NA,"yes","3.5.0"
"markdown","markdown","C:/Users/zamej/OneDrive/Documents/R/win-library/3.5","0.8",NA,"R (>= 2.11.1)","utils, mime (>= 0.3)",NA,"knitr, RCurl",NA,"GPL-2",NA,NA,NA,NA,"yes","3.5.0"
"MatrixModels","MatrixModels","C:/Users/zamej/OneDrive/Documents/R/win-library/3.5","0.4-1",NA,"R (>= 3.0.1)","stats, methods, Matrix (>= 1.1-5)",NA,NA,NA,"GPL (>= 2)",NA,NA,NA,NA,"no","3.5.0"
"memoise","memoise","C:/Users/zamej/OneDrive/Documents/R/win-library/3.5","1.1.0",NA,NA,"digest (>= 0.6.3)",NA,"testthat, aws.s3, httr, covr",NA,"MIT + file LICENSE",NA,NA,NA,NA,"no","3.5.1"
"mime","mime","C:/Users/zamej/OneDrive/Documents/R/win-library/3.5","0.9",NA,NA,"tools",NA,NA,NA,"GPL",NA,NA,NA,NA,"yes","3.5.3"
"minqa","minqa","C:/Users/zamej/OneDrive/Documents/R/win-library/3.5","1.2.4",NA,NA,"Rcpp (>= 0.9.10)","Rcpp",NA,NA,"GPL-2",NA,NA,NA,NA,"yes","3.5.0"
"mnormt","mnormt","C:/Users/zamej/OneDrive/Documents/R/win-library/3.5","1.5-5",NA,"R (>= 2.2.0)",NA,NA,NA,NA,"GPL-2 | GPL-3",NA,NA,NA,NA,"yes","3.5.0"
"modelr","modelr","C:/Users/zamej/OneDrive/Documents/R/win-library/3.5","0.1.2",NA,"R (>= 3.1)","broom, dplyr, magrittr, purrr (>= 0.2.2), tibble, tidyr (>=
0.8.0), rlang (>= 0.2.0)",NA,"compiler, covr, ggplot2, testthat",NA,"GPL-3",NA,NA,NA,NA,"no","3.5.0"
"munsell","munsell","C:/Users/zamej/OneDrive/Documents/R/win-library/3.5","0.4.3",NA,NA,"colorspace, methods",NA,"ggplot2, testthat",NA,"MIT + file LICENSE",NA,NA,NA,NA,"no","3.5.0"
"nloptr","nloptr","C:/Users/zamej/OneDrive/Documents/R/win-library/3.5","1.0.4",NA,NA,NA,NA,"testthat (>= 0.8.1)",NA,"LGPL-3",NA,NA,NA,NA,"yes","3.5.0"
"openssl","openssl","C:/Users/zamej/OneDrive/Documents/R/win-library/3.5","1.4.1",NA,NA,"askpass",NA,"testthat, digest, knitr, rmarkdown, jsonlite, jose, sodium",NA,"MIT + file LICENSE",NA,NA,NA,NA,"yes","3.5.3"
"openxlsx","openxlsx","C:/Users/zamej/OneDrive/Documents/R/win-library/3.5","4.1.0",NA,"R (>= 3.3.0)","methods, Rcpp, grDevices, stats, utils, zip","Rcpp","knitr, testthat",NA,"MIT + file LICENSE",NA,NA,NA,NA,"yes","3.5.0"
"packrat","packrat","C:/Users/zamej/OneDrive/Documents/R/win-library/3.5","0.7.0",NA,"R (>= 3.0.0)","tools, utils",NA,"testthat (>= 3.0.0), devtools, httr, knitr, rmarkdown",NA,"GPL-2",NA,NA,NA,NA,"no","3.5.1"
"pbkrtest","pbkrtest","C:/Users/zamej/OneDrive/Documents/R/win-library/3.5","0.4-7",NA,"R (>= 3.2.3), lme4 (>= 1.1.10)","Matrix (>= 1.2.3), parallel, MASS, methods",NA,NA,NA,"GPL (>= 2)",NA,NA,NA,NA,"no","3.5.0"
"pillar","pillar","C:/Users/zamej/OneDrive/Documents/R/win-library/3.5","1.7.0",NA,NA,"cli (>= 2.3.0), crayon (>= 1.3.4), ellipsis (>= 0.3.2), fansi,
glue, lifecycle, rlang (>= 0.3.0), utf8 (>= 1.1.0), utils,
vctrs (>= 0.3.8)",NA,"bit64, debugme, DiagrammeR, dplyr, formattable, ggplot2,
knitr, lubridate, nanotime, nycflights13, palmerpenguins,
rmarkdown, scales, stringi, survival, testthat (>= 3.1.1),
tibble, units (>= 0.7.2), vdiffr, withr",NA,"MIT + file LICENSE",NA,NA,NA,NA,"no","3.5.1"
"pkgbuild","pkgbuild","C:/Users/zamej/OneDrive/Documents/R/win-library/3.5","1.0.2",NA,"R (>= 3.1)","callr (>= 2.0.0), cli, crayon, desc, prettyunits, R6,
rprojroot, withr (>= 2.1.2)",NA,"Rcpp, testthat, covr",NA,"GPL-3",NA,NA,NA,NA,"no","3.5.1"
"pkgconfig","pkgconfig","C:/Users/zamej/OneDrive/Documents/R/win-library/3.5","2.0.3",NA,NA,"utils",NA,"covr, testthat, disposables (>= 1.0.3)",NA,"MIT + file LICENSE",NA,NA,NA,NA,"no","3.5.3"
"pkgload","pkgload","C:/Users/zamej/OneDrive/Documents/R/win-library/3.5","1.0.2",NA,NA,"desc, methods, pkgbuild, rlang, rprojroot, rstudioapi, utils,
withr",NA,"bitops, covr, Rcpp, testthat",NA,"GPL-3",NA,NA,NA,NA,"yes","3.5.3"
"plogr","plogr","C:/Users/zamej/OneDrive/Documents/R/win-library/3.5","0.2.0",NA,NA,NA,NA,"Rcpp",NA,"MIT + file LICENSE",NA,NA,NA,NA,"no","3.5.0"
"plyr","plyr","C:/Users/zamej/OneDrive/Documents/R/win-library/3.5","1.8.4",NA,"R (>= 3.1.0)","Rcpp (>= 0.11.0)","Rcpp","abind, testthat, tcltk, foreach, doParallel, itertools,
iterators, covr",NA,"MIT + file LICENSE",NA,NA,NA,NA,"yes","3.5.0"
"praise","praise","C:/Users/zamej/OneDrive/Documents/R/win-library/3.5","1.0.0",NA,NA,NA,NA,"testthat",NA,"MIT + file LICENSE",NA,NA,NA,NA,"no","3.5.3"
"prettyunits","prettyunits","C:/Users/zamej/OneDrive/Documents/R/win-library/3.5","1.1.1",NA,NA,NA,NA,"codetools, covr, testthat",NA,"MIT + file LICENSE",NA,NA,NA,NA,"no","3.5.3"
"processx","processx","C:/Users/zamej/OneDrive/Documents/R/win-library/3.5","3.4.2",NA,NA,"ps (>= 1.2.0), R6, utils",NA,"callr (>= 3.2.0), codetools, covr, crayon, curl, debugme,
parallel, testthat, withr",NA,"MIT + file LICENSE",NA,NA,NA,NA,"yes","3.5.3"
"promises","promises","C:/Users/zamej/OneDrive/Documents/R/win-library/3.5","1.0.1",NA,NA,"R6, Rcpp, later, rlang, stats, magrittr","later, Rcpp","testthat, future, knitr, rmarkdown",NA,"MIT + file LICENSE",NA,NA,NA,NA,"yes","3.5.0"
"ps","ps","C:/Users/zamej/OneDrive/Documents/R/win-library/3.5","1.3.2",NA,"R (>= 3.1)","utils",NA,"callr, covr, curl, pingr, processx (>= 3.1.0), R6, rlang,
testthat, tibble",NA,"BSD_3_clause + file LICENSE",NA,NA,NA,NA,"yes","3.5.3"
"psych","psych","C:/Users/zamej/OneDrive/Documents/R/win-library/3.5","1.8.4",NA,"R (>= 2.10)","mnormt,parallel,stats,graphics,grDevices,methods,foreign,lattice,nlme",NA,"GPArotation, lavaan, sem, lme4,Rcsdp, graph, Rgraphviz",NA,"GPL (>= 2)",NA,NA,NA,NA,"no","3.5.0"
"purrr","purrr","C:/Users/zamej/OneDrive/Documents/R/win-library/3.5","0.3.4",NA,"R (>= 3.2)","magrittr (>= 1.5), rlang (>= 0.3.1)",NA,"covr, crayon, dplyr (>= 0.7.8), knitr, rmarkdown, testthat,
tibble, tidyselect",NA,"GPL-3 | file LICENSE",NA,NA,NA,NA,"yes","3.5.3"
"quantreg","quantreg","C:/Users/zamej/OneDrive/Documents/R/win-library/3.5","5.36",NA,"R (>= 2.6), stats, SparseM","methods, graphics, Matrix, MatrixModels",NA,"tripack, akima, MASS, survival, rgl, logspline, nor1mix,
Formula, zoo",NA,"GPL (>= 2)",NA,NA,NA,NA,"yes","3.5.0"
"R6","R6","C:/Users/zamej/OneDrive/Documents/R/win-library/3.5","2.5.1",NA,"R (>= 3.0)",NA,NA,"testthat, pryr",NA,"MIT + file LICENSE",NA,NA,NA,NA,"no","3.5.1"
"rappdirs","rappdirs","C:/Users/zamej/OneDrive/Documents/R/win-library/3.5","0.3.1",NA,"R (>= 2.14), methods",NA,NA,"testthat, roxygen2",NA,"MIT + file LICENSE",NA,NA,NA,NA,"yes","3.5.3"
"rcmdcheck","rcmdcheck","C:/Users/zamej/OneDrive/Documents/R/win-library/3.5","1.3.2",NA,NA,"callr (>= 2.0.0), cli, crayon, desc (>= 1.2.0), digest,
pkgbuild, prettyunits, R6, rprojroot, sessioninfo (>= 1.1.1),
utils, withr, xopen",NA,"covr, knitr, mockery, rmarkdown, testthat",NA,"MIT + file LICENSE",NA,NA,NA,NA,"no","3.5.1"
"RColorBrewer","RColorBrewer","C:/Users/zamej/OneDrive/Documents/R/win-library/3.5","1.1-2",NA,"R (>= 2.0.0)",NA,NA,NA,NA,"Apache License 2.0",NA,NA,NA,NA,"no","3.5.0"
"Rcpp","Rcpp","C:/Users/zamej/OneDrive/Documents/R/win-library/3.5","1.0.4.6",NA,NA,"methods, utils",NA,"tinytest, inline, rbenchmark, pkgKitten (>= 0.1.2)",NA,"GPL (>= 2)",NA,NA,NA,NA,"yes","3.5.3"
"RcppEigen","RcppEigen","C:/Users/zamej/OneDrive/Documents/R/win-library/3.5","0.3.3.4.0",NA,"R (>= 2.15.1)","Matrix (>= 1.1-0), Rcpp (>= 0.11.0), stats, utils","Rcpp","inline, RUnit, pkgKitten",NA,"GPL (>= 2) | file LICENSE",NA,NA,NA,NA,"yes","3.5.0"
"readr","readr","C:/Users/zamej/OneDrive/Documents/R/win-library/3.5","1.1.1",NA,"R (>= 3.0.2)","Rcpp (>= 0.12.0.5), tibble, hms, R6","Rcpp, BH","curl, testthat, knitr, rmarkdown, stringi, covr",NA,"GPL (>= 2) | file LICENSE",NA,NA,NA,NA,"yes","3.5.0"
"readxl","readxl","C:/Users/zamej/OneDrive/Documents/R/win-library/3.5","1.1.0",NA,NA,"cellranger, Rcpp (>= 0.12.12), tibble (>= 1.1)","Rcpp","covr, knitr, rmarkdown, rprojroot (>= 1.1), testthat",NA,"GPL-3",NA,NA,NA,NA,"yes","3.5.0"
"rematch","rematch","C:/Users/zamej/OneDrive/Documents/R/win-library/3.5","1.0.1",NA,NA,NA,NA,"covr, testthat",NA,"MIT + file LICENSE",NA,NA,NA,NA,"no","3.5.0"
"remotes","remotes","C:/Users/zamej/OneDrive/Documents/R/win-library/3.5","2.4.2",NA,"R (>= 3.0.0)","methods, stats, tools, utils",NA,"brew, callr, codetools, curl, covr, git2r (>= 0.23.0), knitr,
mockery, pkgbuild (>= 1.0.1), pingr, rmarkdown, rprojroot,
testthat, webfakes, withr",NA,"MIT + file LICENSE",NA,NA,NA,NA,"no","3.5.1"
"reprex","reprex","C:/Users/zamej/OneDrive/Documents/R/win-library/3.5","0.1.2",NA,"R (>= 3.0.2)","callr, knitr, rmarkdown, tools, utils, whisker",NA,"covr, devtools, formatR, fortunes, miniUI, rstudioapi, shiny,
shinyjs, testthat",NA,"MIT + file LICENSE",NA,NA,NA,NA,"no","3.5.0"
"reshape2","reshape2","C:/Users/zamej/OneDrive/Documents/R/win-library/3.5","1.4.3",NA,"R (>= 3.1)","plyr (>= 1.8.1), Rcpp, stringr","Rcpp","covr, lattice, testthat (>= 0.8.0)",NA,"MIT + file LICENSE",NA,NA,NA,NA,"yes","3.5.0"
"rio","rio","C:/Users/zamej/OneDrive/Documents/R/win-library/3.5","0.5.10",NA,"R (>= 2.15.0)","tools, stats, utils, foreign, haven (>= 1.1.0), curl (>= 0.6),
data.table (>= 1.9.8), readxl (>= 0.1.1), openxlsx, tibble",NA,"datasets, bit64, testthat, knitr, magrittr, clipr, csvy,
feather, fst, jsonlite, readODS (>= 1.6.4), readr, rmatio, xml2
(>= 1.2.0), yaml",NA,"GPL-2",NA,NA,NA,NA,"no","3.5.0"
"rlang","rlang","C:/Users/zamej/OneDrive/Documents/R/win-library/3.5","1.0.2",NA,"R (>= 3.4.0)","utils",NA,"cli (>= 3.1.0), covr, crayon, fs, glue, knitr, magrittr,
methods, pillar, rmarkdown, stats, testthat (>= 3.0.0), tibble,
usethis, vctrs (>= 0.2.3), withr","winch","MIT + file LICENSE",NA,NA,NA,NA,"yes","3.5.1"
"rmarkdown","rmarkdown","C:/Users/zamej/OneDrive/Documents/R/win-library/3.5","1.9",NA,"R (>= 3.0)","tools, utils, knitr (>= 1.14), yaml (>= 2.1.5), htmltools (>=
0.3.5), evaluate (>= 0.8), base64enc, jsonlite, rprojroot,
mime, methods, stringr (>= 1.2.0)",NA,"tinytex, shiny (>= 0.11), tufte, testthat, digest, tibble",NA,"GPL-3",NA,NA,NA,NA,"no","3.5.0"
"roxygen2","roxygen2","C:/Users/zamej/OneDrive/Documents/R/win-library/3.5","7.1.0",NA,"R (>= 3.2)","brew, commonmark, desc (>= 1.2.0), digest, knitr, methods,
pkgload (>= 1.0.2), purrr (>= 0.3.3), R6 (>= 2.1.2), Rcpp (>=
0.11.0), rlang, stringi, stringr (>= 1.0.0), utils, xml2","Rcpp","covr, devtools, rmarkdown, testthat (>= 2.1.0), R.methodsS3,
R.oo",NA,"GPL (>= 2)",NA,NA,NA,NA,"yes","3.5.3"
"rprojroot","rprojroot","C:/Users/zamej/OneDrive/Documents/R/win-library/3.5","2.0.3",NA,"R (>= 3.0.0)",NA,NA,"covr, knitr, lifecycle, mockr, rmarkdown, testthat (>=
3.0.0), withr",NA,"MIT + file LICENSE",NA,NA,NA,NA,"no","3.5.1"
"rsconnect","rsconnect","C:/Users/zamej/OneDrive/Documents/R/win-library/3.5","0.8.25",NA,"R (>= 3.0.0)","curl, digest, jsonlite, openssl, packrat (>= 0.6), rstudioapi
(>= 0.5), tools, yaml (>= 2.1.5)",NA,"RCurl, callr, httpuv, knitr, plumber (>= 0.3.2), reticulate,
rmarkdown (>= 1.1), shiny, sourcetools, testthat, xtable",NA,"GPL-2",NA,NA,NA,NA,"no","3.5.1"
"rstudioapi","rstudioapi","C:/Users/zamej/OneDrive/Documents/R/win-library/3.5","0.13",NA,NA,NA,NA,"testthat, knitr, rmarkdown, clipr",NA,"MIT + file LICENSE",NA,NA,NA,NA,"no","3.5.1"
"rvest","rvest","C:/Users/zamej/OneDrive/Documents/R/win-library/3.5","0.3.2",NA,"R (>= 3.0.1), xml2","httr (>= 0.5), selectr, magrittr",NA,"testthat, knitr, png, stringi (>= 0.3.1), rmarkdown, covr",NA,"GPL-3",NA,NA,NA,NA,"no","3.5.0"
"scales","scales","C:/Users/zamej/OneDrive/Documents/R/win-library/3.5","0.5.0",NA,"R (>= 2.13)","RColorBrewer, dichromat, plyr, munsell (>= 0.2), labeling,
Rcpp, R6, viridisLite","Rcpp","testthat (>= 0.8), bit64, covr, hms",NA,"MIT + file LICENSE",NA,NA,NA,NA,"yes","3.5.0"
"selectr","selectr","C:/Users/zamej/OneDrive/Documents/R/win-library/3.5","0.4-1",NA,"R (>= 3.0)","methods, stringr, R6",NA,"testthat, XML, xml2",NA,"BSD_3_clause + file LICENCE",NA,NA,NA,NA,"no","3.5.0"
"sessioninfo","sessioninfo","C:/Users/zamej/OneDrive/Documents/R/win-library/3.5","1.1.1",NA,NA,"cli, tools, utils, withr",NA,"callr, covr, mockery, testthat",NA,"GPL-2",NA,NA,NA,NA,"no","3.5.1"
"shiny","shiny","C:/Users/zamej/OneDrive/Documents/R/win-library/3.5","1.2.0",NA,"R (>= 3.0.2), methods","utils, grDevices, httpuv (>= 1.4.4), mime (>= 0.3), jsonlite
(>= 0.9.16), xtable, digest, htmltools (>= 0.3.5), R6 (>= 2.0),
sourcetools, later (>= 0.7.2), promises (>= 1.0.1), tools,
crayon, rlang",NA,"datasets, Cairo (>= 1.5-5), testthat, knitr (>= 1.6),
markdown, rmarkdown, ggplot2, magrittr",NA,"GPL-3 | file LICENSE",NA,NA,NA,NA,"no","3.5.1"
"shinyBS","shinyBS","C:/Users/zamej/OneDrive/Documents/R/win-library/3.5","0.61",NA,NA,"shiny (>= 0.11), htmltools",NA,NA,NA,"GPL-3",NA,NA,NA,NA,"no","3.5.1"
"shinyjqui","shinyjqui","C:/Users/zamej/OneDrive/Documents/R/win-library/3.5","0.3.2",NA,"R (>= 3.2.0)","shiny (>= 0.14.0), htmltools, htmlwidgets, jsonlite",NA,"ggplot2, highcharter, knitr, rmarkdown",NA,"MIT + file LICENSE",NA,NA,NA,NA,"no","3.5.1"
"shinyLP","shinyLP","C:/Users/zamej/OneDrive/Documents/R/win-library/3.5","1.1.2",NA,"R (>= 3.1.2)","shiny",NA,"testthat",NA,"MIT + file LICENSE",NA,NA,NA,NA,"no","3.5.1"
"sourcetools","sourcetools","C:/Users/zamej/OneDrive/Documents/R/win-library/3.5","0.1.7",NA,"R (>= 3.0.2)",NA,NA,"testthat",NA,"MIT + file LICENSE",NA,NA,NA,NA,"yes","3.5.0"
"sp","sp","C:/Users/zamej/OneDrive/Documents/R/win-library/3.5","1.2-7",NA,"R (>= 3.0.0), methods","utils, stats, graphics, grDevices, lattice, grid",NA,"RColorBrewer, rgdal (>= 0.8-7), rgeos (>= 0.3-13), gstat,
maptools, deldir",NA,"GPL (>= 2)",NA,NA,NA,NA,"yes","3.5.0"
"SparseM","SparseM","C:/Users/zamej/OneDrive/Documents/R/win-library/3.5","1.77",NA,"R (>= 2.15), methods","graphics, stats, utils",NA,NA,NA,"GPL (>= 2)",NA,NA,NA,NA,"yes","3.5.0"
"stringi","stringi","C:/Users/zamej/OneDrive/Documents/R/win-library/3.5","1.4.6",NA,"R (>= 2.14)","tools, utils, stats",NA,NA,NA,"file LICENSE","yes",NA,NA,NA,"yes","3.5.3"
"stringr","stringr","C:/Users/zamej/OneDrive/Documents/R/win-library/3.5","1.4.0",NA,"R (>= 3.1)","glue (>= 1.2.0), magrittr, stringi (>= 1.1.7)",NA,"covr, htmltools, htmlwidgets, knitr, rmarkdown, testthat",NA,"GPL-2 | file LICENSE",NA,NA,NA,NA,"no","3.5.3"
"sys","sys","C:/Users/zamej/OneDrive/Documents/R/win-library/3.5","3.3",NA,NA,NA,NA,"unix (>= 1.4), spelling, testthat",NA,"MIT + file LICENSE",NA,NA,NA,NA,"yes","3.5.3"
"testthat","testthat","C:/Users/zamej/OneDrive/Documents/R/win-library/3.5","2.3.2",NA,"R (>= 3.1)","cli, crayon (>= 1.3.4), digest, ellipsis, evaluate, magrittr,
methods, pkgload, praise, R6 (>= 2.2.0), rlang (>= 0.4.1),
withr (>= 2.0.0)",NA,"covr, curl (>= 0.9.5), devtools, knitr, rmarkdown, usethis,
vctrs (>= 0.1.0), xml2",NA,"MIT + file LICENSE",NA,NA,NA,NA,"yes","3.5.3"
"tibble","tibble","C:/Users/zamej/OneDrive/Documents/R/win-library/3.5","3.0.1",NA,"R (>= 3.1.0)","cli, crayon (>= 1.3.4), ellipsis (>= 0.2.0), fansi (>= 0.4.0),
lifecycle (>= 0.2.0), magrittr, methods, pillar (>= 1.4.3),
pkgconfig, rlang (>= 0.4.3), utils, vctrs (>= 0.2.4)",NA,"bench, bit64, blob, covr, dplyr, evaluate, hms, htmltools,
import, knitr, mockr, nycflights13, purrr, rmarkdown, testthat
(>= 2.1.0), tidyr, withr",NA,"MIT + file LICENSE",NA,NA,NA,NA,"yes","3.5.3"
"tidyr","tidyr","C:/Users/zamej/OneDrive/Documents/R/win-library/3.5","0.8.1",NA,"R (>= 3.1)","dplyr (>= 0.7.0), glue, magrittr, purrr, Rcpp, rlang, stringi,
tibble, tidyselect","Rcpp","covr, gapminder, knitr, rmarkdown, testthat",NA,"MIT + file LICENSE",NA,NA,NA,NA,"yes","3.5.0"
"tidyselect","tidyselect","C:/Users/zamej/OneDrive/Documents/R/win-library/3.5","1.0.0",NA,"R (>= 3.2)","ellipsis, glue (>= 1.3.0), purrr (>= 0.3.2), rlang (>= 0.4.3),
vctrs (>= 0.2.2)",NA,"covr, crayon, dplyr, knitr, magrittr, rmarkdown, testthat (>=
2.3.0), tibble (>= 2.1.3), withr",NA,"GPL-3",NA,NA,NA,NA,"yes","3.5.3"
"tidyverse","tidyverse","C:/Users/zamej/OneDrive/Documents/R/win-library/3.5","1.2.1",NA,NA,"broom (>= 0.4.2), cli (>= 1.0.0), crayon (>= 1.3.4), dplyr (>=
0.7.4), dbplyr (>= 1.1.0), forcats (>= 0.2.0), ggplot2 (>=
2.2.1), haven (>= 1.1.0), hms (>= 0.3), httr (>= 1.3.1),
jsonlite (>= 1.5), lubridate (>= 1.7.1), magrittr (>= 1.5),
modelr (>= 0.1.1), purrr (>= 0.2.4), readr (>= 1.1.1), readxl
(>= 1.0.0), reprex (>= 0.1.1), rlang (>= 0.1.4), rstudioapi (>=
0.7), rvest (>= 0.3.2), stringr (>= 1.2.0), tibble (>= 1.3.4),
tidyr (>= 0.7.2), xml2 (>= 1.1.1)",NA,"feather (>= 0.3.1), knitr (>= 1.17), rmarkdown (>= 1.7.4)",NA,"GPL-3 | file LICENSE",NA,NA,NA,NA,"no","3.5.1"
"usethis","usethis","C:/Users/zamej/OneDrive/Documents/R/win-library/3.5","1.4.0",NA,"R (>= 3.1)","clipr (>= 0.3.0), clisymbols, crayon, curl (>= 2.7), desc, fs
(>= 1.2.0), gh, git2r (>= 0.23), glue, rlang, rprojroot (>=
1.2), rstudioapi, utils, whisker",NA,"covr, knitr, magick, rmarkdown, roxygen2, spelling (>= 1.2),
styler (>= 1.0.2), testthat (>= 2.0.0), withr",NA,"GPL-3",NA,NA,NA,NA,"no","3.5.1"
"utf8","utf8","C:/Users/zamej/OneDrive/Documents/R/win-library/3.5","1.1.4",NA,"R (>= 2.10)",NA,NA,"knitr, rmarkdown, testthat",NA,"Apache License (== 2.0) | file LICENSE",NA,NA,NA,NA,"yes","3.5.3"
"vctrs","vctrs","C:/Users/zamej/OneDrive/Documents/R/win-library/3.5","0.4.1",NA,"R (>= 3.3)","cli (>= 3.2.0), glue, rlang (>= 1.0.2)",NA,"bit64, covr, crayon, dplyr (>= 0.8.5), generics, knitr,
pillar (>= 1.4.4), pkgdown (>= 2.0.1), rmarkdown, testthat (>=
3.0.0), tibble (>= 3.1.3), withr, xml2, waldo (>= 0.2.0),
zeallot",NA,"MIT + file LICENSE",NA,NA,NA,NA,"yes","3.5.1"
"versions","versions","C:/Users/zamej/OneDrive/Documents/R/win-library/3.5","0.3",NA,NA,NA,NA,NA,NA,"BSD_3_clause + file LICENSE",NA,NA,NA,NA,"no","3.5.2"
"viridisLite","viridisLite","C:/Users/zamej/OneDrive/Documents/R/win-library/3.5","0.3.0",NA,"R (>= 2.10)",NA,NA,"hexbin (>= 1.27.0), ggplot2 (>= 1.0.1), testthat, covr",NA,"MIT + file LICENSE",NA,NA,NA,NA,"no","3.5.0"
"whisker","whisker","C:/Users/zamej/OneDrive/Documents/R/win-library/3.5","0.4",NA,NA,NA,NA,"markdown",NA,"GPL-3",NA,NA,NA,NA,"no","3.5.3"
"withr","withr","C:/Users/zamej/OneDrive/Documents/R/win-library/3.5","2.5.0",NA,"R (>= 3.2.0)","graphics, grDevices, stats",NA,"callr, covr, DBI, knitr, lattice, methods, rlang, rmarkdown
(>= 2.12), RSQLite, testthat (>= 3.0.0)",NA,"MIT + file LICENSE",NA,NA,NA,NA,"no","3.5.1"
"xfun","xfun","C:/Users/zamej/OneDrive/Documents/R/win-library/3.5","0.13",NA,NA,"stats, tools",NA,"testit, parallel, rstudioapi, tinytex, mime, markdown, knitr,
htmltools, base64enc, remotes, rmarkdown",NA,"MIT + file LICENSE",NA,NA,NA,NA,"no","3.5.3"
"xml2","xml2","C:/Users/zamej/OneDrive/Documents/R/win-library/3.5","1.2.0",NA,"R (>= 3.1.0)","Rcpp","Rcpp (>= 0.12.12)","testthat, curl, covr, knitr, rmarkdown, magrittr, httr",NA,"GPL (>= 2)",NA,NA,NA,NA,"yes","3.5.0"
"xopen","xopen","C:/Users/zamej/OneDrive/Documents/R/win-library/3.5","1.0.0",NA,"R (>= 3.1)","processx",NA,"ps, testthat",NA,"MIT + file LICENSE",NA,NA,NA,NA,"no","3.5.3"
"xtable","xtable","C:/Users/zamej/OneDrive/Documents/R/win-library/3.5","1.8-4",NA,"R (>= 2.10.0)","stats, utils",NA,"knitr, plm, zoo, survival",NA,"GPL (>= 2)",NA,NA,NA,NA,"no","3.5.1"
"yaml","yaml","C:/Users/zamej/OneDrive/Documents/R/win-library/3.5","2.2.1",NA,NA,NA,NA,"RUnit",NA,"BSD_3_clause + file LICENSE",NA,NA,NA,NA,"yes","3.5.3"
"zip","zip","C:/Users/zamej/OneDrive/Documents/R/win-library/3.5","2.0.4",NA,NA,NA,NA,"covr, processx, R6, testthat, withr",NA,"CC0",NA,NA,NA,NA,"yes","3.5.3"
"zoo","zoo","C:/Users/zamej/OneDrive/Documents/R/win-library/3.5","1.8-1",NA,"R (>= 2.10.0), stats","utils, graphics, grDevices, lattice (>= 0.20-27)",NA,"coda, chron, DAAG, fts, ggplot2, mondate, scales,
strucchange, timeDate, timeSeries, tis, tseries, xts",NA,"GPL-2 | GPL-3",NA,NA,NA,NA,"yes","3.5.0"
"base","base","C:/Program Files/R/R-3.5.1/library","3.5.1","base",NA,NA,NA,"methods",NA,"Part of R 3.5.1",NA,NA,NA,NA,NA,"3.5.1"
"boot","boot","C:/Program Files/R/R-3.5.1/library","1.3-20","recommended","R (>= 3.0.0), graphics, stats",NA,NA,"MASS, survival",NA,"Unlimited",NA,NA,NA,NA,"no","3.5.1"
"class","class","C:/Program Files/R/R-3.5.1/library","7.3-14","recommended","R (>= 3.0.0), stats, utils","MASS",NA,NA,NA,"GPL-2 | GPL-3",NA,NA,NA,NA,"yes","3.5.1"
"cluster","cluster","C:/Program Files/R/R-3.5.1/library","2.0.7-1","recommended","R (>= 3.2.0)","graphics, grDevices, stats, utils",NA,"MASS, Matrix",NA,"GPL (>= 2)",NA,NA,NA,NA,"yes","3.5.1"
"codetools","codetools","C:/Program Files/R/R-3.5.1/library","0.2-15","recommended","R (>= 2.1)",NA,NA,NA,NA,"GPL",NA,NA,NA,NA,"no","3.5.1"
"compiler","compiler","C:/Program Files/R/R-3.5.1/library","3.5.1","base",NA,NA,NA,NA,NA,"Part of R 3.5.1",NA,NA,NA,NA,NA,"3.5.1"
"datasets","datasets","C:/Program Files/R/R-3.5.1/library","3.5.1","base",NA,NA,NA,NA,NA,"Part of R 3.5.1",NA,NA,NA,NA,NA,"3.5.1"
"foreign","foreign","C:/Program Files/R/R-3.5.1/library","0.8-70","recommended","R (>= 3.0.0)","methods, utils, stats",NA,NA,NA,"GPL (>= 2)",NA,NA,NA,NA,"yes","3.5.1"
"graphics","graphics","C:/Program Files/R/R-3.5.1/library","3.5.1","base",NA,"grDevices",NA,NA,NA,"Part of R 3.5.1",NA,NA,NA,NA,"yes","3.5.1"
"grDevices","grDevices","C:/Program Files/R/R-3.5.1/library","3.5.1","base",NA,NA,NA,"KernSmooth",NA,"Part of R 3.5.1",NA,NA,NA,NA,"yes","3.5.1"
"grid","grid","C:/Program Files/R/R-3.5.1/library","3.5.1","base",NA,"grDevices, utils",NA,"lattice",NA,"Part of R 3.5.1",NA,NA,NA,NA,"yes","3.5.1"
"KernSmooth","KernSmooth","C:/Program Files/R/R-3.5.1/library","2.23-15","recommended","R (>= 2.5.0), stats",NA,NA,"MASS",NA,"Unlimited",NA,NA,NA,NA,"yes","3.5.1"
"lattice","lattice","C:/Program Files/R/R-3.5.1/library","0.20-35","recommended","R (>= 3.0.0)","grid, grDevices, graphics, stats, utils",NA,"KernSmooth, MASS, latticeExtra","chron","GPL (>= 2)",NA,NA,NA,NA,"yes","3.5.1"
"MASS","MASS","C:/Program Files/R/R-3.5.1/library","7.3-50","recommended","R (>= 3.1.0), grDevices, graphics, stats, utils","methods",NA,"lattice, nlme, nnet, survival",NA,"GPL-2 | GPL-3",NA,NA,NA,NA,"yes","3.5.1"
"Matrix","Matrix","C:/Program Files/R/R-3.5.1/library","1.2-14","recommended","R (>= 3.2.0)","methods, graphics, grid, stats, utils, lattice",NA,"expm, MASS","MatrixModels, graph, SparseM, sfsmisc","GPL (>= 2) | file LICENCE",NA,NA,NA,NA,"yes","3.5.1"
"methods","methods","C:/Program Files/R/R-3.5.1/library","3.5.1","base",NA,"utils, stats",NA,"codetools",NA,"Part of R 3.5.1",NA,NA,NA,NA,"yes","3.5.1"
"mgcv","mgcv","C:/Program Files/R/R-3.5.1/library","1.8-24","recommended","R (>= 2.14.0), nlme (>= 3.1-64)","methods, stats, graphics, Matrix",NA,"splines, parallel, survival, MASS",NA,"GPL (>= 2)",NA,NA,NA,NA,"yes","3.5.1"
"nlme","nlme","C:/Program Files/R/R-3.5.1/library","3.1-137","recommended","R (>= 3.4.0)","graphics, stats, utils, lattice",NA,"Hmisc, MASS",NA,"GPL (>= 2) | file LICENCE",NA,NA,NA,NA,"yes","3.5.1"
"nnet","nnet","C:/Program Files/R/R-3.5.1/library","7.3-12","recommended","R (>= 2.14.0), stats, utils",NA,NA,"MASS",NA,"GPL-2 | GPL-3",NA,NA,NA,NA,"yes","3.5.1"
"parallel","parallel","C:/Program Files/R/R-3.5.1/library","3.5.1","base",NA,"tools, compiler",NA,"methods","snow, nws, Rmpi","Part of R 3.5.1",NA,NA,NA,NA,"yes","3.5.1"
"rpart","rpart","C:/Program Files/R/R-3.5.1/library","4.1-13","recommended","R (>= 2.15.0), graphics, stats, grDevices",NA,NA,"survival",NA,"GPL-2 | GPL-3",NA,NA,NA,NA,"yes","3.5.1"
"spatial","spatial","C:/Program Files/R/R-3.5.1/library","7.3-11","recommended","R (>= 3.0.0), graphics, stats, utils",NA,NA,"MASS",NA,"GPL-2 | GPL-3",NA,NA,NA,NA,"yes","3.5.1"
"splines","splines","C:/Program Files/R/R-3.5.1/library","3.5.1","base",NA,"graphics, stats",NA,"Matrix, methods",NA,"Part of R 3.5.1",NA,NA,NA,NA,"yes","3.5.1"
"stats","stats","C:/Program Files/R/R-3.5.1/library","3.5.1","base",NA,"utils, grDevices, graphics",NA,"MASS, Matrix, SuppDists, methods, stats4",NA,"Part of R 3.5.1",NA,NA,NA,NA,"yes","3.5.1"
"stats4","stats4","C:/Program Files/R/R-3.5.1/library","3.5.1","base",NA,"graphics, methods, stats",NA,NA,NA,"Part of R 3.5.1",NA,NA,NA,NA,NA,"3.5.1"
"survival","survival","C:/Program Files/R/R-3.5.1/library","2.42-3","recommended","R (>= 2.13.0)","graphics, Matrix, methods, splines, stats, utils",NA,NA,NA,"LGPL (>= 2)",NA,NA,NA,NA,"yes","3.5.1"
"tcltk","tcltk","C:/Program Files/R/R-3.5.1/library","3.5.1","base",NA,"utils",NA,NA,NA,"Part of R 3.5.1",NA,NA,NA,NA,"yes","3.5.1"
"tools","tools","C:/Program Files/R/R-3.5.1/library","3.5.1","base",NA,NA,NA,"codetools, methods, xml2, curl",NA,"Part of R 3.5.1",NA,NA,NA,NA,"yes","3.5.1"
"utils","utils","C:/Program Files/R/R-3.5.1/library","3.5.1","base",NA,NA,NA,"methods, xml2, commonmark",NA,"Part of R 3.5.1",NA,NA,NA,NA,"yes","3.5.1"
